{
    "messageType": "STORE_PUBLISH",
    "version": "1.1",
    "publishType": "INTRADAY_DELTA",
    "publishTimestamp": "2018-05-25T16:44:00.602Z",
    "uuid": "STRID0120190418164400231232281",
    "locationId": 281,
    "name": "RICHFIELD MN",
    "detailDesc": "Richfield",
    "channel": 110,
    "address1": "1000 West 78th St",
    "address2": "Suite 101",
    "city": "Richfield",
    "state": "MN",
    "country": "US",
    "countryDesc": "United States",
    "zipCode": "55423-3912",
    "phoneNumber": "612-861-3917",
    "locationStatus": "A",
    "openDate": "1994-11-23",
    "grandOpenDate": "1994-11-23",
    "financialCloseDate": "2022-06-01",
    "physicalCloseDate": "2022-01-01",
    "replenishmentStopDate": "2020-01-01",
    "replenishmentRestartDate": "2010-02-02",
    "longitude": -93.29274,
    "latitude": 44.86321,
    "currencyCode": "USD",
    "timeZoneCode": "09",
    "taxAreaId": "240530880",
    "legalEntity": 120,
    "glLocation": "000281",
    "glDefaultCenter": 100100,
    "useTaxPercent": 7.525,
    "storeFormat": 1001,
    "district": 2,
    "districtName": "Minneapolis",
    "territory": 32,
    "territoryName": "Territory 32",
    "division": 1,
    "divisionName": "Best Buy Stores",
    "locationTypeCode": 51,
    "totalSquareFeet": 44715,
    "sellingSquareFeet": 36641,
    "ccDoingBusinessAs": "BEST BUY",
    "ccStatementPhoneNumber": "123456789",
    "locationCapacity": 250,
    "futureLocationCapacity": "0",
    "futureLocCapacityStartDate": "2019-11-28",
    "inStorePickupInd": "Y",
    "homeDeliveryInd": "Y",
    "selfDeliveryStoreInd": "N",
    "sfsEligibleInd": "Y",
    "obSfsEligibleInd": "Y",
    "partnerVisibleInd": "N",
    "partialPayEligibleInd": "N",
    "applianceInstallInd": "Y",
    "homeTheaterInstall": "Y",
    "transferProcessingHours": "15",
    "attachedLocations": [{
        "associationType": "PHYSICAL_DDC",
        "locationId": "78"
    }, {
        "associationType": "PHYSICAL_RDC",
        "locationId": "70"
    }, {
        "associationType": "PRODUCT_RETURN_CENTER",
        "locationId": "1371"
    }, {
        "associationType": "SERVICE_CENTER",
        "locationId": "610"
    }],
    "storeServices": [{
        "serviceCode": "AAE"
    }, {
        "serviceCode": "AASP",
        "shipToAccount": "1034518",
        "soldToAccount": "1034174"
    }, {
        "serviceCode": "APPL"
    }],
    "restrictedBrands": [{
        "brandId": 14158
    }, {
        "brandId": 15388
    }, {
        "brandId": 20811
    }],
    "locationFunctions": [{
        "functionCode": "PSNDBK"
    }, {
        "functionCode": "SNDBAK"
    }],
    "locationTraits": [{
        "trait": 10,
        "traitDescriptioRef": "Magnolia Home Theatr"
    }, {
        "trait": 130,
        "traitDescriptioRef": "Best Buy US Retail"
    }, {
        "trait": 7070,
        "traitDescriptioRef": "Climate Zone 5"
    }],
    "locationHours": [{
        "weekStartSundayDate": "2019-08-25",
        "sunOpenTime": "0800",
        "sunCloseTime": "0100+",
        "monOpenTime": "0700",
        "monCloseTime": 1800,
        "tueOpenTime": 1000,
        "tueCloseTime": 1900,
        "wedOpenTime": "0900",
        "wedCloseTime": 2100,
        "thuOpenTime": 1000,
        "thuCloseTime": 2100,
        "friOpenTime": 1000,
        "friCloseTime": 2100,
        "satOpenTime": 1000,
        "satCloseTime": "0200+"
    }, {
        "weekStartSundayDate": "2019-09-01",
        "sunOpenTime": "0800",
        "sunCloseTime": 2200,
        "tueOpenTime": 1000,
        "tueCloseTime": 1900,
        "wedOpenTime": "0900",
        "wedCloseTime": 2100,
        "thuOpenTime": 1000,
        "thuCloseTime": 2100,
        "friOpenTime": 1000,
        "friCloseTime": 2100,
        "satOpenTime": 1000,
        "satCloseTime": 2200
    }, {
        "weekStartSundayDate": "2019-09-08",
        "sunOpenTime": "0800",
        "sunCloseTime": 2200,
        "friOpenTime": 1000,
        "friCloseTime": 2100,
        "satOpenTime": 1000,
        "satCloseTime": 2200
    }]
}