<configuration debug="true" scan="true"
	scanPeriod="30 seconds">
	<timestamp key="timestamp-by-second"
		datePattern="yyyyMMdd'T'HHmmss" />
	<property name="LOG_PATTERN"
		value="%d{yyyy-MM-dd'T'HH:mm:ss.SSSZ},level=%p,xRequestId=%X{X-REQUEST-ID},thread=%t,category=%c,message=%m%n" />

	<appender name="Console-Appender"
		class="ch.qos.logback.core.ConsoleAppender">
		<encoder>
			<pattern>${LOG_PATTERN}</pattern>
		</encoder>
	</appender>

	<logger name="com.bestbuy.ebs" level="info" additivity="false">
		<appender-ref ref="Console-Appender" />
	</logger>

	<logger name="com.bestbuy.operational" level="info"
		additivity="false">
		<appender-ref ref="Console-Appender" />
	</logger>

	<logger name="org.jasypt" level="trace" additivity="false">
		<appender-ref ref="Console-Appender" />
	</logger>

	<logger name="org.springframework.boot.actuate" level="info"
		additivity="false">
		<appender-ref ref="Console-Appender" />
	</logger>

	<root level="info">
		<appender-ref ref="Console-Appender" />
	</root>

</configuration>
